RANK,GIRLS,BOYS
1,Olivia,Noah
2,Emma,Liam
3,Ava,Elijah
4,Isabella,Oliver
5,Sophia,Lucas
6,Mia,Logan
7,Amelia,James
8,Charlotte,Ethan
9,Harper,Mason
10,Ella,Mateo
11,Luna,Sebastian
12,Camila,Jackson
13,Aria,Aiden
14,Mila,Benjamin
15,Ellie,Carter
16,Evelyn,Grayson
17,Avery,Alexander
18,Abigail,Leo
19,Aurora,Gabriel
20,Sofia,Daniel
21,Zoey,Jayden
22,Amaliya,William
23,Penelope,Jack
24,Scarlett,Ezra
25,Layla,Levi
,,
26,Madison,Henry
27,Lily,Owen
28,Chloe,Jaxon
29,Nova,Jacob
30,Riley,Michael
31,Emily,Josiah
32,Everly,Asher
33,Violet,Wyatt
34,Nora,Julian
35,Hazel,Samuel
36,Victoria,Luke
37,Gianna,Isaac
38,Elizabeth,Lincoln
39,Paisley,Muhammad
40,Stella,Adam
41,Eliana,Anthony
42,Emilia,Matthew
43,Grace,Isaiah
44,Hannah,Eli
45,Elena,Joseph
46,Eleanor,Elias
47,Skylar,Nathan
48,Brooklyn,Maverick
49,Bella,David
50,Aaliyah,Hudson
51,Natalie,Cameron
52,Willow,Roman
53,Aubrey,Colton
54,Naomi,John
55,Zoe,Greyson
56,Addison,Hunter
57,Sophie,Adrian
58,Ivy,Luca
59,Everleigh,Easton
60,Arya,Thomas
61,Ariana,Ezekiel
62,Savannah,Kai
63,Audrey,Caleb
64,Maya,Joshua
65,Kennedy,Andrew
66,Delilah,Jordan
67,Leah,Ryan
68,Valentina,Nolan
69,Lucy,Christian
70,Gabriella,Jaxson
71,Eva,Landon
72,Lillian,Jace
73,Kinsley,Cooper
74,Raelynn,Miles
75,Hailey,Theodore
76,Madelyn,Dylan
77,Maria,Aaron
78,Sarah,Carson
79,Athena,Xavier
80,Isla,Jeremiah
81,Claire,Ian
82,Autumn,Christopher
83,Leilani,Axel
84,Emery,Kayden
85,Nevaeh,Monkey
86,Anna,Theo
87,Jade,Dominic
88,Brielle,Amir
89,Ruby,Kingston
90,Peyton,Jameson
91,Alice,Ayden
92,Sadie,Max
93,Rylee,Santiago
94,Adeline,Connor
95,Piper,Waylon
96,Caroline,King
97,Melanie,Weston
98,Elliana,Braxton
99,Quinn,Brayden
100,Lyla,Kaiden