"Shaquille Harrison, PG"
"Vince Carter, SG"
"Dwayne Bacon, SG"
"Dillon Brooks, SG"
"Royce O'Neale, SF"
"Abdel Nader, SF"
"Damyean Dotson, SG"
"Sterling Brown, SG"
"Frank Jackson, PG"
"Semi Ojeleye, PF"
"Wes Iwundu, SF"
"Dwight Buycks, G"
"Mitchell Robinson, C"
"Chris Boucher, PF"
"Malcolm Miller, SG"
"Monte Morris, PG"
"Antonio Blakeney, G"
"Tyrone Wallace, G"
"Malachi Richardson, G"
"Georgios Papagiannis, C"
"Chinanu Onuaku, C"
"Wade Baldwin IV, G"
"Isaiah Whitehead, G"
"Paul Zipser, F"
"Amile Jefferson, F"
"Omri Casspi, F"
"Lorenzo Brown, G"
"Isaiah Canaan, G"
"Dwyane Wade, G"
"Nigel Williams-Goss, PG"
"Isaiah Roby, SF"
"Shake Milton, SG"
"Wenyen Gabriel, PF"
"Theo Pinson, SG"
"Thanasis Antetokounmpo, SF"
"Derrick Walton Jr., G"
"Brad Wanamaker, PG"
"Iman Shumpert, G"
"Devonte' Graham, PG"
"De'Anthony Melton, SG"
"Jemerrio Jones, F"
"Deonte Burton, SG"
"Hamidou Diallo, SG"
"Chimezie Metu, PF"
"Gary Trent Jr., SG"
"Elie Okobo, SF"
"Jevon Carter, PG"
"Melvin Frazier Jr., SG"
"Jarred Vanderbilt, PF"
"Duncan Robinson, SG"
"Kendrick Nunn, SG"
"Alize Johnson, PF"
"Isaiah Hartenstein, C"
"Khyri Thomas, SG"
"Sviatoslav Mykhailiuk, SG"
"Bruce Brown, SG"
"Keita Bates-Diop, SF"
"Jalen Brunson, PG"
"Ryan Broekhoff, G"
"Kenrich Williams, SG"
"Dairis Bertans, G"
"Yante Maten, F"
"Tarik Phillip, G"
"Isaac Bonga, SF"
"Jaylen Nowell, SG"
"Bruno Fernando, PF"
"Dakari Johnson, C"
"Kyle Collinsworth, G"
"Brandon Paul, G"
"Jaylen Morris, G"
"Rodney Purvis, G"
"David Stockton, G"
"Ike Anigbogu, C"
"Zhou Qi, C"
"Aaron Jackson, F"
"Carmelo Anthony, PF"
"Jabari Bird, G"
"Ben Moore, F"
"James Nunnally, G"
"Kevin Porter Jr., SG"